day,n,mid_mean,mid_std,mid_min,mid_max,mid_range,return_std,return_mean_abs,return_median_abs,realized_vol_sqrt_sum_sq_returns,log_return_std_bps,realized_log_vol_bps,spread_mean,spread_std,spread_median,large_move_rate_abs_ge_2,large_move_rate_abs_ge_5
-2,9187,9998.161750299336,4.72626639771608,9984.5,10012.0,27.5,1.9114372376881958,1.2483670803396474,1.0,183.18910993833668,1.9118118425786002,183.22501147948986,16.14977685860455,2.5381887729592045,16.0,0.22937078162421076,0.04060526888743741
-1,9225,10000.833550135501,3.825386599527954,9986.5,10013.5,27.0,1.9216601538247677,1.2445793581960105,1.0,184.5494513673774,1.9215647477078854,184.54028892156435,16.19132791327913,2.555483751960323,16.0,0.22159583694709453,0.0439071986123157
0,9232,10001.622562824956,5.221837248017188,9981.5,10017.5,36.0,1.9623210842172032,1.2677933051673709,1.0,188.52586029507995,1.9620982767574653,188.5044545346612,16.184467071057192,2.618543668404626,16.0,0.22781930451738708,0.0488571119055357
