metric,normal_mean,pre_spike_mean,spike_mean,spike_minus_normal,pre_minus_normal,p_spike_vs_normal,p_pre_vs_normal
bid_volume_1,14.139173358874235,14.222672064777328,13.697211155378486,-0.44196220349574844,0.08349870590309294,0.15970321024843886,0.7995380266906854
ask_volume_1,14.166654387386723,13.979757085020243,14.163346613545817,-0.0033077738409055257,-0.1868973023664804,0.9916945447865549,0.5677507202088946
bid_depth_3,31.353606424519267,30.858299595141702,30.872509960159363,-0.4810964643599043,-0.4953068293775651,0.47926817293364465,0.4676974726841012
ask_depth_3,31.404884697561336,31.65182186234818,31.529880478087648,0.12499578052631222,0.2469371647868428,0.8498812480908905,0.7036462355953297
total_depth_3,62.7584911220806,62.51012145748988,62.40239043824701,-0.3561006838335885,-0.24836966459071874,0.7233318256894592,0.8045774151967771
top_imbalance,-0.0014875468114952163,0.005424127817209,-0.018485221829263956,-0.016997675017768738,0.006911674628704217,0.22484892666090078,0.6217574044538408
imbalance_3,-0.0011403846904326218,-0.01509703167984486,-0.012250634334372365,-0.011110249643939743,-0.013956646989412238,0.5276667327539148,0.4140458151017753
spread,16.1763795771016,16.161943319838056,16.06374501992032,-0.11263455718128057,-0.014436257263543695,0.49918392006471823,0.9333756859513495
