day,first_mid,last_mid,mid_change,buy_first_ask_sell_last_bid_per_unit,buy_hold_80_estimate,mean_spread,min_mid,max_mid
-1,11001.5,11999.5,998.0,984.0,78720.0,13.066731559593338,10998.0,12001.5
0,11998.5,13000.0,1001.5,987.0,78960.0,14.121018418201517,11996.0,13008.0
1,13000.0,13999.5,999.5,985.0,78800.0,15.177011245674741,12995.0,14003.0
