day,first_mid,last_mid,mid_change,buy_first_ask_sell_last_bid_per_unit,buy_hold_80_estimate,mean_spread,min_mid,max_mid
-2,9998.5,11001.5,1003.0,989.0,79120.0,11.994791666666666,9998.5,11003.0
-1,10998.5,11998.0,999.5,984.0,78720.0,13.01225729471743,10995.0,12006.0
0,11998.5,13000.0,1001.5,984.0,78720.0,14.128715011347671,11994.0,13007.0
