product,sample,n,start_mid,end_mid,net_change,ols_slope_per_tick,ols_r2,ols_p,dfa_hurst,dfa_r2,rs_hurst,rs_r2
ASH_COATED_OSMIUM,day -2,10000,10010.0,9993.5,-16.5,0.0003350467953504678,5.207542660043266e-06,0.8195123887626445,0.4904798227330701,0.9948058886529265,0.5608668957488647,0.8138583549301971
ASH_COATED_OSMIUM,day -1,10000,10003.0,10002.0,-1.0,0.0009210984002109853,4.164835044949361e-05,0.5187448590353626,0.5217412049517794,0.9831901955997586,0.6176150690857155,0.8447789852864982
ASH_COATED_OSMIUM,day 0,10000,10013.0,10007.0,-6.0,0.0009644055606440547,5.540879805927204e-05,0.4567021863514936,0.47092299019506706,0.9931018295553738,0.5594704275377432,0.8183937087809796
ASH_COATED_OSMIUM,"combined days -2,-1,0",30000,10010.0,10007.0,-3.0,0.00041258706468065234,7.827692507890015e-05,0.12542744239645626,0.5252178409664027,0.9932629122399705,0.5185723663104741,0.8647198096467416
INTARIAN_PEPPER_ROOT,day -2,10000,9998.5,11001.5,1003.0,0.10010482250304818,0.3220081669994487,0.0,0.6975421149969812,0.9409621027328501,0.7223775404606712,0.8845250404111141
INTARIAN_PEPPER_ROOT,day -1,10000,10998.5,11998.0,999.5,0.10085544316255442,0.27554817348878274,0.0,0.6856839636255028,0.9502304887968337,0.6972633208611179,0.8786424532649205
INTARIAN_PEPPER_ROOT,day 0,10000,11998.5,13000.0,1001.5,0.10328490810384908,0.2164934653953425,0.0,0.6319210512780047,0.9393712863491183,0.7758526242433843,0.9401151185708548
INTARIAN_PEPPER_ROOT,"combined days -2,-1,0",30000,9998.5,13000.0,3001.5,0.099746519767385,0.7565037525301256,0.0,0.8856571831105935,0.9070693522749242,0.7958626020769332,0.9421830350592897
